[
  {
    "id": "affirmation-love-cooking",
    "text": "I love cooking meals for myself",
    "tags": [],
    "ratings": [
      {
        "hearts": 8,
        "timestamp": "2025-07-29T04:28:49.968Z"
      },
      {
        "hearts": 4,
        "timestamp": "2025-07-29T04:28:52.247Z"
      },
      {
        "hearts": 9,
        "timestamp": "2025-07-29T04:29:05.288Z"
      },
      {
        "hearts": 6,
        "timestamp": "2025-07-29T04:29:15.144Z"
      }
    ]
  },
  {
    "id": "affirmation-love-waking-early",
    "text": "I love waking up early in the morning",
    "tags": [],
    "ratings": []
  },
  {
    "id": "affirmation-love-habit-time",
    "text": "I love making time for my habits and hobbies",
    "tags": [],
    "ratings": [
      {
        "hearts": 8,
        "timestamp": "2025-07-29T04:35:41.969Z"
      }
    ]
  },
  {
    "id": "affirmation-love-morning-shower",
    "text": "I love taking a shower every morning",
    "tags": [],
    "ratings": [
      {
        "hearts": 4,
        "timestamp": "2025-07-29T04:35:45.091Z"
      }
    ]
  },
  {
    "id": "affirmation-adore-morning-routine",
    "text": "I adore doing my morning routine and how it feels",
    "tags": [],
    "ratings": []
  },
  {
    "id": "affirmation-love-good-workout",
    "text": "I love a good workout",
    "tags": [],
    "ratings": []
  },
  {
    "id": "affirmation-impressive-combination",
    "text": "I am an impressive combination of obscenely original very spontaneous and super fun",
    "tags": [],
    "ratings": []
  },
  {
    "id": "affirmation-always-laughing-smiling",
    "text": "I am always laughing or smiling (if I am not in a bad mood)",
    "tags": [],
    "ratings": []
  },
  {
    "id": "affirmation-routines-unbroken",
    "text": "I have my routines that I can't be broken from (you can't break me from)",
    "tags": [],
    "ratings": []
  },
  {
    "id": "affirmation-superb-self-hygiene",
    "text": "I have superb self-hygiene and make a point of being proud of it to myself",
    "tags": [],
    "ratings": []
  },
  {
    "id": "affirmation-rich-real-energy",
    "text": "My energy is rich and real, but also light fun, and funny",
    "tags": [],
    "ratings": []
  },
  {
    "id": "affirmation-deep-connections",
    "text": "I make deep connections with others",
    "tags": [],
    "ratings": []
  },
  {
    "id": "affirmation-humble-kind-generous",
    "text": "I am humble kind and generous",
    "tags": [],
    "ratings": []
  },
  {
    "id": "affirmation-attention-impact",
    "text": "I pay attention to how various things impact me and I structure my life accordingly",
    "tags": [],
    "ratings": []
  },
  {
    "id": "affirmation-first-to-offer-help",
    "text": "I am always the first to offer help to someone in need",
    "tags": [],
    "ratings": []
  },
  {
    "id": "affirmation-very-strong-physical",
    "text": "I am very strong, physically",
    "tags": [],
    "ratings": []
  },
  {
    "id": "affirmation-thoughtful-wise",
    "text": "I am thoughtful and wise",
    "tags": [],
    "ratings": []
  },
  {
    "id": "affirmation-care-getting-dressed",
    "text": "I take care when getting dressed in the morning",
    "tags": [],
    "ratings": []
  },
  {
    "id": "affirmation-workout-bad-day",
    "text": "When I am having a bad day I work out as my first line of defense",
    "tags": [],
    "ratings": []
  },
  {
    "id": "affirmation-attention-body-needs",
    "text": "I pay attention to myself, to my body, to its needs",
    "tags": [],
    "ratings": []
  },
  {
    "id": "affirmation-hesitate-brain-work",
    "text": "I do not hesitate to make my brain work hard",
    "tags": [],
    "ratings": []
  },
  {
    "id": "affirmation-reach-potential",
    "text": "I reach my potential",
    "tags": [],
    "ratings": []
  },
  {
    "id": "affirmation-safe-space",
    "text": "I am a safe space for anyone to be with or confide in",
    "tags": [],
    "ratings": []
  },
  {
    "id": "affirmation-can-be-serious",
    "text": "I can be serious, but usually, I am not",
    "tags": [],
    "ratings": []
  },
  {
    "id": "affirmation-first-to-mind-help",
    "text": "If someone needs something they can't quite do themselves I am among the first to come to mind",
    "tags": [],
    "ratings": []
  },
  {
    "id": "affirmation-push-kind-nurturing",
    "text": "I push myself but I am very kind and nurturing to myself no matter what",
    "tags": [],
    "ratings": []
  },
  {
    "id": "affirmation-love-eating-healthy",
    "text": "I love eating but specifically eating healthy",
    "tags": [],
    "ratings": []
  },
  {
    "id": "affirmation-joy-organizing-parties",
    "text": "I take joy in organizing parties and get together for/with my friends",
    "tags": [],
    "ratings": []
  },
  {
    "id": "affirmation-action-give-energy",
    "text": "I take action to give myself energy",
    "tags": [],
    "ratings": []
  },
  {
    "id": "affirmation-choose-time-wisely",
    "text": "I choose how I spend my time wisely",
    "tags": [],
    "ratings": []
  }
]